STRUCTURE,STRUCTURE_ID,STRUCTURE_NAME,freq,Time frequency,unit,Unit of measure,tra_meas,Traffic and transport measurement,tra_cov,Transport coverage,schedule,Type of schedule,geo,Geopolitical entity (reporting),TIME_PERIOD,Time,OBS_VALUE,Observation value,OBS_FLAG,Observation status (Flag) V2 structure,CONF_STATUS,Confidentiality status (flag)
dataflow,ESTAT:AVIA_PAOC(1.0),"Air passenger transport by type of schedule, transport coverage and country",M,Monthly,PAS,Passenger,PAS_CRD,Passengers carried,TOTAL,Total transport,TOT,Total,PL,Poland,2010-01,,1102669,,,,,
dataflow,ESTAT:AVIA_PAOC(1.0),"Air passenger transport by type of schedule, transport coverage and country",M,Monthly,PAS,Passenger,PAS_CRD,Passengers carried,TOTAL,Total transport,TOT,Total,PL,Poland,2010-02,,1080644,,,,,
dataflow,ESTAT:AVIA_PAOC(1.0),"Air passenger transport by type of schedule, transport coverage and country",M,Monthly,PAS,Passenger,PAS_CRD,Passengers carried,TOTAL,Total transport,TOT,Total,PL,Poland,2010-03,,1303859,,,,,
dataflow,ESTAT:AVIA_PAOC(1.0),"Air passenger transport by type of schedule, transport coverage and country",M,Monthly,PAS,Passenger,PAS_CRD,Passengers carried,TOTAL,Total transport,TOT,Total,PL,Poland,2010-04,,1139301,,,,,
dataflow,ESTAT:AVIA_PAOC(1.0),"Air passenger transport by type of schedule, transport coverage and country",M,Monthly,PAS,Passenger,PAS_CRD,Passengers carried,TOTAL,Total transport,TOT,Total,PL,Poland,2010-05,,1643950,,,,,
dataflow,ESTAT:AVIA_PAOC(1.0),"Air passenger transport by type of schedule, transport coverage and country",M,Monthly,PAS,Passenger,PAS_CRD,Passengers carried,TOTAL,Total transport,TOT,Total,PL,Poland,2010-06,,1901034,,,,,
dataflow,ESTAT:AVIA_PAOC(1.0),"Air passenger transport by type of schedule, transport coverage and country",M,Monthly,PAS,Passenger,PAS_CRD,Passengers carried,TOTAL,Total transport,TOT,Total,PL,Poland,2010-07,,2144399,,,,,
dataflow,ESTAT:AVIA_PAOC(1.0),"Air passenger transport by type of schedule, transport coverage and country",M,Monthly,PAS,Passenger,PAS_CRD,Passengers carried,TOTAL,Total transport,TOT,Total,PL,Poland,2010-08,,2113598,,,,,
dataflow,ESTAT:AVIA_PAOC(1.0),"Air passenger transport by type of schedule, transport coverage and country",M,Monthly,PAS,Passenger,PAS_CRD,Passengers carried,TOTAL,Total transport,TOT,Total,PL,Poland,2010-09,,1902745,,,,,
dataflow,ESTAT:AVIA_PAOC(1.0),"Air passenger transport by type of schedule, transport coverage and country",M,Monthly,PAS,Passenger,PAS_CRD,Passengers carried,TOTAL,Total transport,TOT,Total,PL,Poland,2010-10,,1639194,,,,,
dataflow,ESTAT:AVIA_PAOC(1.0),"Air passenger transport by type of schedule, transport coverage and country",M,Monthly,PAS,Passenger,PAS_CRD,Passengers carried,TOTAL,Total transport,TOT,Total,PL,Poland,2010-11,,1240583,,,,,
dataflow,ESTAT:AVIA_PAOC(1.0),"Air passenger transport by type of schedule, transport coverage and country",M,Monthly,PAS,Passenger,PAS_CRD,Passengers carried,TOTAL,Total transport,TOT,Total,PL,Poland,2010-12,,1171139,,,,,
dataflow,ESTAT:AVIA_PAOC(1.0),"Air passenger transport by type of schedule, transport coverage and country",M,Monthly,PAS,Passenger,PAS_CRD,Passengers carried,TOTAL,Total transport,TOT,Total,PL,Poland,2011-01,,1248411,,,,,
dataflow,ESTAT:AVIA_PAOC(1.0),"Air passenger transport by type of schedule, transport coverage and country",M,Monthly,PAS,Passenger,PAS_CRD,Passengers carried,TOTAL,Total transport,TOT,Total,PL,Poland,2011-02,,1153059,,,,,
dataflow,ESTAT:AVIA_PAOC(1.0),"Air passenger transport by type of schedule, transport coverage and country",M,Monthly,PAS,Passenger,PAS_CRD,Passengers carried,TOTAL,Total transport,TOT,Total,PL,Poland,2011-03,,1376838,,,,,
dataflow,ESTAT:AVIA_PAOC(1.0),"Air passenger transport by type of schedule, transport coverage and country",M,Monthly,PAS,Passenger,PAS_CRD,Passengers carried,TOTAL,Total transport,TOT,Total,PL,Poland,2011-04,,1544777,,,,,
dataflow,ESTAT:AVIA_PAOC(1.0),"Air passenger transport by type of schedule, transport coverage and country",M,Monthly,PAS,Passenger,PAS_CRD,Passengers carried,TOTAL,Total transport,TOT,Total,PL,Poland,2011-05,,1831676,,,,,
dataflow,ESTAT:AVIA_PAOC(1.0),"Air passenger transport by type of schedule, transport coverage and country",M,Monthly,PAS,Passenger,PAS_CRD,Passengers carried,TOTAL,Total transport,TOT,Total,PL,Poland,2011-06,,2067128,,,,,
dataflow,ESTAT:AVIA_PAOC(1.0),"Air passenger transport by type of schedule, transport coverage and country",M,Monthly,PAS,Passenger,PAS_CRD,Passengers carried,TOTAL,Total transport,TOT,Total,PL,Poland,2011-07,,2331393,,,,,
dataflow,ESTAT:AVIA_PAOC(1.0),"Air passenger transport by type of schedule, transport coverage and country",M,Monthly,PAS,Passenger,PAS_CRD,Passengers carried,TOTAL,Total transport,TOT,Total,PL,Poland,2011-08,,2313378,,,,,
dataflow,ESTAT:AVIA_PAOC(1.0),"Air passenger transport by type of schedule, transport coverage and country",M,Monthly,PAS,Passenger,PAS_CRD,Passengers carried,TOTAL,Total transport,TOT,Total,PL,Poland,2011-09,,2216804,,,,,
dataflow,ESTAT:AVIA_PAOC(1.0),"Air passenger transport by type of schedule, transport coverage and country",M,Monthly,PAS,Passenger,PAS_CRD,Passengers carried,TOTAL,Total transport,TOT,Total,PL,Poland,2011-10,,1769415,,,,,
dataflow,ESTAT:AVIA_PAOC(1.0),"Air passenger transport by type of schedule, transport coverage and country",M,Monthly,PAS,Passenger,PAS_CRD,Passengers carried,TOTAL,Total transport,TOT,Total,PL,Poland,2011-11,,1404737,,,,,
dataflow,ESTAT:AVIA_PAOC(1.0),"Air passenger transport by type of schedule, transport coverage and country",M,Monthly,PAS,Passenger,PAS_CRD,Passengers carried,TOTAL,Total transport,TOT,Total,PL,Poland,2011-12,,1378056,,,,,
dataflow,ESTAT:AVIA_PAOC(1.0),"Air passenger transport by type of schedule, transport coverage and country",M,Monthly,PAS,Passenger,PAS_CRD,Passengers carried,TOTAL,Total transport,TOT,Total,PL,Poland,2012-01,,1333854,,,,,
dataflow,ESTAT:AVIA_PAOC(1.0),"Air passenger transport by type of schedule, transport coverage and country",M,Monthly,PAS,Passenger,PAS_CRD,Passengers carried,TOTAL,Total transport,TOT,Total,PL,Poland,2012-02,,1280964,,,,,
dataflow,ESTAT:AVIA_PAOC(1.0),"Air passenger transport by type of schedule, transport coverage and country",M,Monthly,PAS,Passenger,PAS_CRD,Passengers carried,TOTAL,Total transport,TOT,Total,PL,Poland,2012-03,,1485978,,,,,
dataflow,ESTAT:AVIA_PAOC(1.0),"Air passenger transport by type of schedule, transport coverage and country",M,Monthly,PAS,Passenger,PAS_CRD,Passengers carried,TOTAL,Total transport,TOT,Total,PL,Poland,2012-04,,1790288,,,,,
dataflow,ESTAT:AVIA_PAOC(1.0),"Air passenger transport by type of schedule, transport coverage and country",M,Monthly,PAS,Passenger,PAS_CRD,Passengers carried,TOTAL,Total transport,TOT,Total,PL,Poland,2012-05,,2084217,,,,,
dataflow,ESTAT:AVIA_PAOC(1.0),"Air passenger transport by type of schedule, transport coverage and country",M,Monthly,PAS,Passenger,PAS_CRD,Passengers carried,TOTAL,Total transport,TOT,Total,PL,Poland,2012-06,,2339536,,,,,
dataflow,ESTAT:AVIA_PAOC(1.0),"Air passenger transport by type of schedule, transport coverage and country",M,Monthly,PAS,Passenger,PAS_CRD,Passengers carried,TOTAL,Total transport,TOT,Total,PL,Poland,2012-07,,2541746,,,,,
dataflow,ESTAT:AVIA_PAOC(1.0),"Air passenger transport by type of schedule, transport coverage and country",M,Monthly,PAS,Passenger,PAS_CRD,Passengers carried,TOTAL,Total transport,TOT,Total,PL,Poland,2012-08,,2326622,,,,,
dataflow,ESTAT:AVIA_PAOC(1.0),"Air passenger transport by type of schedule, transport coverage and country",M,Monthly,PAS,Passenger,PAS_CRD,Passengers carried,TOTAL,Total transport,TOT,Total,PL,Poland,2012-09,,2160440,,,,,
dataflow,ESTAT:AVIA_PAOC(1.0),"Air passenger transport by type of schedule, transport coverage and country",M,Monthly,PAS,Passenger,PAS_CRD,Passengers carried,TOTAL,Total transport,TOT,Total,PL,Poland,2012-10,,1761707,,,,,
dataflow,ESTAT:AVIA_PAOC(1.0),"Air passenger transport by type of schedule, transport coverage and country",M,Monthly,PAS,Passenger,PAS_CRD,Passengers carried,TOTAL,Total transport,TOT,Total,PL,Poland,2012-11,,1326305,,,,,
dataflow,ESTAT:AVIA_PAOC(1.0),"Air passenger transport by type of schedule, transport coverage and country",M,Monthly,PAS,Passenger,PAS_CRD,Passengers carried,TOTAL,Total transport,TOT,Total,PL,Poland,2012-12,,1369108,,,,,
dataflow,ESTAT:AVIA_PAOC(1.0),"Air passenger transport by type of schedule, transport coverage and country",M,Monthly,PAS,Passenger,PAS_CRD,Passengers carried,TOTAL,Total transport,TOT,Total,PL,Poland,2013-01,,1400616,,,,,
dataflow,ESTAT:AVIA_PAOC(1.0),"Air passenger transport by type of schedule, transport coverage and country",M,Monthly,PAS,Passenger,PAS_CRD,Passengers carried,TOTAL,Total transport,TOT,Total,PL,Poland,2013-02,,1347050,,,,,
dataflow,ESTAT:AVIA_PAOC(1.0),"Air passenger transport by type of schedule, transport coverage and country",M,Monthly,PAS,Passenger,PAS_CRD,Passengers carried,TOTAL,Total transport,TOT,Total,PL,Poland,2013-03,,1576466,,,,,
dataflow,ESTAT:AVIA_PAOC(1.0),"Air passenger transport by type of schedule, transport coverage and country",M,Monthly,PAS,Passenger,PAS_CRD,Passengers carried,TOTAL,Total transport,TOT,Total,PL,Poland,2013-04,,1861526,,,,,
dataflow,ESTAT:AVIA_PAOC(1.0),"Air passenger transport by type of schedule, transport coverage and country",M,Monthly,PAS,Passenger,PAS_CRD,Passengers carried,TOTAL,Total transport,TOT,Total,PL,Poland,2013-05,,2139072,,,,,
dataflow,ESTAT:AVIA_PAOC(1.0),"Air passenger transport by type of schedule, transport coverage and country",M,Monthly,PAS,Passenger,PAS_CRD,Passengers carried,TOTAL,Total transport,TOT,Total,PL,Poland,2013-06,,2343424,,,,,
dataflow,ESTAT:AVIA_PAOC(1.0),"Air passenger transport by type of schedule, transport coverage and country",M,Monthly,PAS,Passenger,PAS_CRD,Passengers carried,TOTAL,Total transport,TOT,Total,PL,Poland,2013-07,,2647047,,,,,
dataflow,ESTAT:AVIA_PAOC(1.0),"Air passenger transport by type of schedule, transport coverage and country",M,Monthly,PAS,Passenger,PAS_CRD,Passengers carried,TOTAL,Total transport,TOT,Total,PL,Poland,2013-08,,2624660,,,,,
dataflow,ESTAT:AVIA_PAOC(1.0),"Air passenger transport by type of schedule, transport coverage and country",M,Monthly,PAS,Passenger,PAS_CRD,Passengers carried,TOTAL,Total transport,TOT,Total,PL,Poland,2013-09,,2440270,,,,,
dataflow,ESTAT:AVIA_PAOC(1.0),"Air passenger transport by type of schedule, transport coverage and country",M,Monthly,PAS,Passenger,PAS_CRD,Passengers carried,TOTAL,Total transport,TOT,Total,PL,Poland,2013-10,,1946844,,,,,
dataflow,ESTAT:AVIA_PAOC(1.0),"Air passenger transport by type of schedule, transport coverage and country",M,Monthly,PAS,Passenger,PAS_CRD,Passengers carried,TOTAL,Total transport,TOT,Total,PL,Poland,2013-11,,1509086,,,,,
dataflow,ESTAT:AVIA_PAOC(1.0),"Air passenger transport by type of schedule, transport coverage and country",M,Monthly,PAS,Passenger,PAS_CRD,Passengers carried,TOTAL,Total transport,TOT,Total,PL,Poland,2013-12,,1438423,,,,,
dataflow,ESTAT:AVIA_PAOC(1.0),"Air passenger transport by type of schedule, transport coverage and country",M,Monthly,PAS,Passenger,PAS_CRD,Passengers carried,TOTAL,Total transport,TOT,Total,PL,Poland,2014-01,,1512769,,,,,
dataflow,ESTAT:AVIA_PAOC(1.0),"Air passenger transport by type of schedule, transport coverage and country",M,Monthly,PAS,Passenger,PAS_CRD,Passengers carried,TOTAL,Total transport,TOT,Total,PL,Poland,2014-02,,1454630,,,,,
dataflow,ESTAT:AVIA_PAOC(1.0),"Air passenger transport by type of schedule, transport coverage and country",M,Monthly,PAS,Passenger,PAS_CRD,Passengers carried,TOTAL,Total transport,TOT,Total,PL,Poland,2014-03,,1679867,,,,,
dataflow,ESTAT:AVIA_PAOC(1.0),"Air passenger transport by type of schedule, transport coverage and country",M,Monthly,PAS,Passenger,PAS_CRD,Passengers carried,TOTAL,Total transport,TOT,Total,PL,Poland,2014-04,,1916665,,,,,
dataflow,ESTAT:AVIA_PAOC(1.0),"Air passenger transport by type of schedule, transport coverage and country",M,Monthly,PAS,Passenger,PAS_CRD,Passengers carried,TOTAL,Total transport,TOT,Total,PL,Poland,2014-05,,2274462,,,,,
dataflow,ESTAT:AVIA_PAOC(1.0),"Air passenger transport by type of schedule, transport coverage and country",M,Monthly,PAS,Passenger,PAS_CRD,Passengers carried,TOTAL,Total transport,TOT,Total,PL,Poland,2014-06,,2611773,,,,,
dataflow,ESTAT:AVIA_PAOC(1.0),"Air passenger transport by type of schedule, transport coverage and country",M,Monthly,PAS,Passenger,PAS_CRD,Passengers carried,TOTAL,Total transport,TOT,Total,PL,Poland,2014-07,,2896960,,,,,
dataflow,ESTAT:AVIA_PAOC(1.0),"Air passenger transport by type of schedule, transport coverage and country",M,Monthly,PAS,Passenger,PAS_CRD,Passengers carried,TOTAL,Total transport,TOT,Total,PL,Poland,2014-08,,2917421,,,,,
dataflow,ESTAT:AVIA_PAOC(1.0),"Air passenger transport by type of schedule, transport coverage and country",M,Monthly,PAS,Passenger,PAS_CRD,Passengers carried,TOTAL,Total transport,TOT,Total,PL,Poland,2014-09,,2685396,,,,,
dataflow,ESTAT:AVIA_PAOC(1.0),"Air passenger transport by type of schedule, transport coverage and country",M,Monthly,PAS,Passenger,PAS_CRD,Passengers carried,TOTAL,Total transport,TOT,Total,PL,Poland,2014-10,,2218452,,,,,
dataflow,ESTAT:AVIA_PAOC(1.0),"Air passenger transport by type of schedule, transport coverage and country",M,Monthly,PAS,Passenger,PAS_CRD,Passengers carried,TOTAL,Total transport,TOT,Total,PL,Poland,2014-11,,1811495,,,,,
dataflow,ESTAT:AVIA_PAOC(1.0),"Air passenger transport by type of schedule, transport coverage and country",M,Monthly,PAS,Passenger,PAS_CRD,Passengers carried,TOTAL,Total transport,TOT,Total,PL,Poland,2014-12,,1734532,,,,,
dataflow,ESTAT:AVIA_PAOC(1.0),"Air passenger transport by type of schedule, transport coverage and country",M,Monthly,PAS,Passenger,PAS_CRD,Passengers carried,TOTAL,Total transport,TOT,Total,PL,Poland,2015-01,,1718995,,,,,
dataflow,ESTAT:AVIA_PAOC(1.0),"Air passenger transport by type of schedule, transport coverage and country",M,Monthly,PAS,Passenger,PAS_CRD,Passengers carried,TOTAL,Total transport,TOT,Total,PL,Poland,2015-02,,1701417,,,,,
dataflow,ESTAT:AVIA_PAOC(1.0),"Air passenger transport by type of schedule, transport coverage and country",M,Monthly,PAS,Passenger,PAS_CRD,Passengers carried,TOTAL,Total transport,TOT,Total,PL,Poland,2015-03,,1957806,,,,,
dataflow,ESTAT:AVIA_PAOC(1.0),"Air passenger transport by type of schedule, transport coverage and country",M,Monthly,PAS,Passenger,PAS_CRD,Passengers carried,TOTAL,Total transport,TOT,Total,PL,Poland,2015-04,,2213720,,,,,
dataflow,ESTAT:AVIA_PAOC(1.0),"Air passenger transport by type of schedule, transport coverage and country",M,Monthly,PAS,Passenger,PAS_CRD,Passengers carried,TOTAL,Total transport,TOT,Total,PL,Poland,2015-05,,2565308,,,,,
dataflow,ESTAT:AVIA_PAOC(1.0),"Air passenger transport by type of schedule, transport coverage and country",M,Monthly,PAS,Passenger,PAS_CRD,Passengers carried,TOTAL,Total transport,TOT,Total,PL,Poland,2015-06,,2967020,,,,,
dataflow,ESTAT:AVIA_PAOC(1.0),"Air passenger transport by type of schedule, transport coverage and country",M,Monthly,PAS,Passenger,PAS_CRD,Passengers carried,TOTAL,Total transport,TOT,Total,PL,Poland,2015-07,,3254547,,,,,
dataflow,ESTAT:AVIA_PAOC(1.0),"Air passenger transport by type of schedule, transport coverage and country",M,Monthly,PAS,Passenger,PAS_CRD,Passengers carried,TOTAL,Total transport,TOT,Total,PL,Poland,2015-08,,3186422,,,,,
dataflow,ESTAT:AVIA_PAOC(1.0),"Air passenger transport by type of schedule, transport coverage and country",M,Monthly,PAS,Passenger,PAS_CRD,Passengers carried,TOTAL,Total transport,TOT,Total,PL,Poland,2015-09,,2927441,,,,,
dataflow,ESTAT:AVIA_PAOC(1.0),"Air passenger transport by type of schedule, transport coverage and country",M,Monthly,PAS,Passenger,PAS_CRD,Passengers carried,TOTAL,Total transport,TOT,Total,PL,Poland,2015-10,,2427350,,,,,
dataflow,ESTAT:AVIA_PAOC(1.0),"Air passenger transport by type of schedule, transport coverage and country",M,Monthly,PAS,Passenger,PAS_CRD,Passengers carried,TOTAL,Total transport,TOT,Total,PL,Poland,2015-11,,2004618,,,,,
dataflow,ESTAT:AVIA_PAOC(1.0),"Air passenger transport by type of schedule, transport coverage and country",M,Monthly,PAS,Passenger,PAS_CRD,Passengers carried,TOTAL,Total transport,TOT,Total,PL,Poland,2015-12,,1982795,,,,,
dataflow,ESTAT:AVIA_PAOC(1.0),"Air passenger transport by type of schedule, transport coverage and country",M,Monthly,PAS,Passenger,PAS_CRD,Passengers carried,TOTAL,Total transport,TOT,Total,PL,Poland,2016-01,,1955264,,,,,
dataflow,ESTAT:AVIA_PAOC(1.0),"Air passenger transport by type of schedule, transport coverage and country",M,Monthly,PAS,Passenger,PAS_CRD,Passengers carried,TOTAL,Total transport,TOT,Total,PL,Poland,2016-02,,1949700,,,,,
dataflow,ESTAT:AVIA_PAOC(1.0),"Air passenger transport by type of schedule, transport coverage and country",M,Monthly,PAS,Passenger,PAS_CRD,Passengers carried,TOTAL,Total transport,TOT,Total,PL,Poland,2016-03,,2204946,,,,,
dataflow,ESTAT:AVIA_PAOC(1.0),"Air passenger transport by type of schedule, transport coverage and country",M,Monthly,PAS,Passenger,PAS_CRD,Passengers carried,TOTAL,Total transport,TOT,Total,PL,Poland,2016-04,,2439266,,,,,
dataflow,ESTAT:AVIA_PAOC(1.0),"Air passenger transport by type of schedule, transport coverage and country",M,Monthly,PAS,Passenger,PAS_CRD,Passengers carried,TOTAL,Total transport,TOT,Total,PL,Poland,2016-05,,2797551,,,,,
dataflow,ESTAT:AVIA_PAOC(1.0),"Air passenger transport by type of schedule, transport coverage and country",M,Monthly,PAS,Passenger,PAS_CRD,Passengers carried,TOTAL,Total transport,TOT,Total,PL,Poland,2016-06,,3171901,,,,,
dataflow,ESTAT:AVIA_PAOC(1.0),"Air passenger transport by type of schedule, transport coverage and country",M,Monthly,PAS,Passenger,PAS_CRD,Passengers carried,TOTAL,Total transport,TOT,Total,PL,Poland,2016-07,,3502298,,,,,
dataflow,ESTAT:AVIA_PAOC(1.0),"Air passenger transport by type of schedule, transport coverage and country",M,Monthly,PAS,Passenger,PAS_CRD,Passengers carried,TOTAL,Total transport,TOT,Total,PL,Poland,2016-08,,3482820,,,,,
dataflow,ESTAT:AVIA_PAOC(1.0),"Air passenger transport by type of schedule, transport coverage and country",M,Monthly,PAS,Passenger,PAS_CRD,Passengers carried,TOTAL,Total transport,TOT,Total,PL,Poland,2016-09,,3284762,,,,,
dataflow,ESTAT:AVIA_PAOC(1.0),"Air passenger transport by type of schedule, transport coverage and country",M,Monthly,PAS,Passenger,PAS_CRD,Passengers carried,TOTAL,Total transport,TOT,Total,PL,Poland,2016-10,,2761280,,,,,
dataflow,ESTAT:AVIA_PAOC(1.0),"Air passenger transport by type of schedule, transport coverage and country",M,Monthly,PAS,Passenger,PAS_CRD,Passengers carried,TOTAL,Total transport,TOT,Total,PL,Poland,2016-11,,2359552,,,,,
dataflow,ESTAT:AVIA_PAOC(1.0),"Air passenger transport by type of schedule, transport coverage and country",M,Monthly,PAS,Passenger,PAS_CRD,Passengers carried,TOTAL,Total transport,TOT,Total,PL,Poland,2016-12,,2357521,,,,,
dataflow,ESTAT:AVIA_PAOC(1.0),"Air passenger transport by type of schedule, transport coverage and country",M,Monthly,PAS,Passenger,PAS_CRD,Passengers carried,TOTAL,Total transport,TOT,Total,PL,Poland,2017-01,,2309994,,,,,
dataflow,ESTAT:AVIA_PAOC(1.0),"Air passenger transport by type of schedule, transport coverage and country",M,Monthly,PAS,Passenger,PAS_CRD,Passengers carried,TOTAL,Total transport,TOT,Total,PL,Poland,2017-02,,2222509,,,,,
dataflow,ESTAT:AVIA_PAOC(1.0),"Air passenger transport by type of schedule, transport coverage and country",M,Monthly,PAS,Passenger,PAS_CRD,Passengers carried,TOTAL,Total transport,TOT,Total,PL,Poland,2017-03,,2560537,,,,,
dataflow,ESTAT:AVIA_PAOC(1.0),"Air passenger transport by type of schedule, transport coverage and country",M,Monthly,PAS,Passenger,PAS_CRD,Passengers carried,TOTAL,Total transport,TOT,Total,PL,Poland,2017-04,,2817652,,,,,
dataflow,ESTAT:AVIA_PAOC(1.0),"Air passenger transport by type of schedule, transport coverage and country",M,Monthly,PAS,Passenger,PAS_CRD,Passengers carried,TOTAL,Total transport,TOT,Total,PL,Poland,2017-05,,3221586,,,,,
dataflow,ESTAT:AVIA_PAOC(1.0),"Air passenger transport by type of schedule, transport coverage and country",M,Monthly,PAS,Passenger,PAS_CRD,Passengers carried,TOTAL,Total transport,TOT,Total,PL,Poland,2017-06,,3687329,,,,,
dataflow,ESTAT:AVIA_PAOC(1.0),"Air passenger transport by type of schedule, transport coverage and country",M,Monthly,PAS,Passenger,PAS_CRD,Passengers carried,TOTAL,Total transport,TOT,Total,PL,Poland,2017-07,,4120443,,,,,
dataflow,ESTAT:AVIA_PAOC(1.0),"Air passenger transport by type of schedule, transport coverage and country",M,Monthly,PAS,Passenger,PAS_CRD,Passengers carried,TOTAL,Total transport,TOT,Total,PL,Poland,2017-08,,4090307,,,,,
dataflow,ESTAT:AVIA_PAOC(1.0),"Air passenger transport by type of schedule, transport coverage and country",M,Monthly,PAS,Passenger,PAS_CRD,Passengers carried,TOTAL,Total transport,TOT,Total,PL,Poland,2017-09,,3848917,,,,,
dataflow,ESTAT:AVIA_PAOC(1.0),"Air passenger transport by type of schedule, transport coverage and country",M,Monthly,PAS,Passenger,PAS_CRD,Passengers carried,TOTAL,Total transport,TOT,Total,PL,Poland,2017-10,,3309933,,,,,
dataflow,ESTAT:AVIA_PAOC(1.0),"Air passenger transport by type of schedule, transport coverage and country",M,Monthly,PAS,Passenger,PAS_CRD,Passengers carried,TOTAL,Total transport,TOT,Total,PL,Poland,2017-11,,2754558,,,,,
dataflow,ESTAT:AVIA_PAOC(1.0),"Air passenger transport by type of schedule, transport coverage and country",M,Monthly,PAS,Passenger,PAS_CRD,Passengers carried,TOTAL,Total transport,TOT,Total,PL,Poland,2017-12,,2740903,,,,,
dataflow,ESTAT:AVIA_PAOC(1.0),"Air passenger transport by type of schedule, transport coverage and country",M,Monthly,PAS,Passenger,PAS_CRD,Passengers carried,TOTAL,Total transport,TOT,Total,PL,Poland,2018-01,,2713854,,,,,
dataflow,ESTAT:AVIA_PAOC(1.0),"Air passenger transport by type of schedule, transport coverage and country",M,Monthly,PAS,Passenger,PAS_CRD,Passengers carried,TOTAL,Total transport,TOT,Total,PL,Poland,2018-02,,2607414,,,,,
dataflow,ESTAT:AVIA_PAOC(1.0),"Air passenger transport by type of schedule, transport coverage and country",M,Monthly,PAS,Passenger,PAS_CRD,Passengers carried,TOTAL,Total transport,TOT,Total,PL,Poland,2018-03,,2986682,,,,,
dataflow,ESTAT:AVIA_PAOC(1.0),"Air passenger transport by type of schedule, transport coverage and country",M,Monthly,PAS,Passenger,PAS_CRD,Passengers carried,TOTAL,Total transport,TOT,Total,PL,Poland,2018-04,,3338476,,,,,
dataflow,ESTAT:AVIA_PAOC(1.0),"Air passenger transport by type of schedule, transport coverage and country",M,Monthly,PAS,Passenger,PAS_CRD,Passengers carried,TOTAL,Total transport,TOT,Total,PL,Poland,2018-05,,3801689,,,,,
dataflow,ESTAT:AVIA_PAOC(1.0),"Air passenger transport by type of schedule, transport coverage and country",M,Monthly,PAS,Passenger,PAS_CRD,Passengers carried,TOTAL,Total transport,TOT,Total,PL,Poland,2018-06,,4385659,,,,,
dataflow,ESTAT:AVIA_PAOC(1.0),"Air passenger transport by type of schedule, transport coverage and country",M,Monthly,PAS,Passenger,PAS_CRD,Passengers carried,TOTAL,Total transport,TOT,Total,PL,Poland,2018-07,,4845896,,,,,
dataflow,ESTAT:AVIA_PAOC(1.0),"Air passenger transport by type of schedule, transport coverage and country",M,Monthly,PAS,Passenger,PAS_CRD,Passengers carried,TOTAL,Total transport,TOT,Total,PL,Poland,2018-08,,4835478,,,,,
dataflow,ESTAT:AVIA_PAOC(1.0),"Air passenger transport by type of schedule, transport coverage and country",M,Monthly,PAS,Passenger,PAS_CRD,Passengers carried,TOTAL,Total transport,TOT,Total,PL,Poland,2018-09,,4487209,,,,,
dataflow,ESTAT:AVIA_PAOC(1.0),"Air passenger transport by type of schedule, transport coverage and country",M,Monthly,PAS,Passenger,PAS_CRD,Passengers carried,TOTAL,Total transport,TOT,Total,PL,Poland,2018-10,,3737855,,,,,
dataflow,ESTAT:AVIA_PAOC(1.0),"Air passenger transport by type of schedule, transport coverage and country",M,Monthly,PAS,Passenger,PAS_CRD,Passengers carried,TOTAL,Total transport,TOT,Total,PL,Poland,2018-11,,3040599,,,,,
dataflow,ESTAT:AVIA_PAOC(1.0),"Air passenger transport by type of schedule, transport coverage and country",M,Monthly,PAS,Passenger,PAS_CRD,Passengers carried,TOTAL,Total transport,TOT,Total,PL,Poland,2018-12,,2986737,,,,,
dataflow,ESTAT:AVIA_PAOC(1.0),"Air passenger transport by type of schedule, transport coverage and country",M,Monthly,PAS,Passenger,PAS_CRD,Passengers carried,TOTAL,Total transport,TOT,Total,PL,Poland,2019-01,,2871991,,,,,
dataflow,ESTAT:AVIA_PAOC(1.0),"Air passenger transport by type of schedule, transport coverage and country",M,Monthly,PAS,Passenger,PAS_CRD,Passengers carried,TOTAL,Total transport,TOT,Total,PL,Poland,2019-02,,2827435,,,,,
dataflow,ESTAT:AVIA_PAOC(1.0),"Air passenger transport by type of schedule, transport coverage and country",M,Monthly,PAS,Passenger,PAS_CRD,Passengers carried,TOTAL,Total transport,TOT,Total,PL,Poland,2019-03,,3209758,,,,,
dataflow,ESTAT:AVIA_PAOC(1.0),"Air passenger transport by type of schedule, transport coverage and country",M,Monthly,PAS,Passenger,PAS_CRD,Passengers carried,TOTAL,Total transport,TOT,Total,PL,Poland,2019-04,,3600254,,,,,
dataflow,ESTAT:AVIA_PAOC(1.0),"Air passenger transport by type of schedule, transport coverage and country",M,Monthly,PAS,Passenger,PAS_CRD,Passengers carried,TOTAL,Total transport,TOT,Total,PL,Poland,2019-05,,4170994,,,,,
dataflow,ESTAT:AVIA_PAOC(1.0),"Air passenger transport by type of schedule, transport coverage and country",M,Monthly,PAS,Passenger,PAS_CRD,Passengers carried,TOTAL,Total transport,TOT,Total,PL,Poland,2019-06,,4645693,,,,,
dataflow,ESTAT:AVIA_PAOC(1.0),"Air passenger transport by type of schedule, transport coverage and country",M,Monthly,PAS,Passenger,PAS_CRD,Passengers carried,TOTAL,Total transport,TOT,Total,PL,Poland,2019-07,,4989532,,,,,
dataflow,ESTAT:AVIA_PAOC(1.0),"Air passenger transport by type of schedule, transport coverage and country",M,Monthly,PAS,Passenger,PAS_CRD,Passengers carried,TOTAL,Total transport,TOT,Total,PL,Poland,2019-08,,5046680,,,,,
dataflow,ESTAT:AVIA_PAOC(1.0),"Air passenger transport by type of schedule, transport coverage and country",M,Monthly,PAS,Passenger,PAS_CRD,Passengers carried,TOTAL,Total transport,TOT,Total,PL,Poland,2019-09,,4734704,,,,,
dataflow,ESTAT:AVIA_PAOC(1.0),"Air passenger transport by type of schedule, transport coverage and country",M,Monthly,PAS,Passenger,PAS_CRD,Passengers carried,TOTAL,Total transport,TOT,Total,PL,Poland,2019-10,,4071926,,,,,
dataflow,ESTAT:AVIA_PAOC(1.0),"Air passenger transport by type of schedule, transport coverage and country",M,Monthly,PAS,Passenger,PAS_CRD,Passengers carried,TOTAL,Total transport,TOT,Total,PL,Poland,2019-11,,3396008,,,,,
dataflow,ESTAT:AVIA_PAOC(1.0),"Air passenger transport by type of schedule, transport coverage and country",M,Monthly,PAS,Passenger,PAS_CRD,Passengers carried,TOTAL,Total transport,TOT,Total,PL,Poland,2019-12,,3377796,,,,,
dataflow,ESTAT:AVIA_PAOC(1.0),"Air passenger transport by type of schedule, transport coverage and country",M,Monthly,PAS,Passenger,PAS_CRD,Passengers carried,TOTAL,Total transport,TOT,Total,PL,Poland,2020-01,,3240382,,,,,
dataflow,ESTAT:AVIA_PAOC(1.0),"Air passenger transport by type of schedule, transport coverage and country",M,Monthly,PAS,Passenger,PAS_CRD,Passengers carried,TOTAL,Total transport,TOT,Total,PL,Poland,2020-02,,3107557,,,,,
dataflow,ESTAT:AVIA_PAOC(1.0),"Air passenger transport by type of schedule, transport coverage and country",M,Monthly,PAS,Passenger,PAS_CRD,Passengers carried,TOTAL,Total transport,TOT,Total,PL,Poland,2020-03,,1207121,,,,,
dataflow,ESTAT:AVIA_PAOC(1.0),"Air passenger transport by type of schedule, transport coverage and country",M,Monthly,PAS,Passenger,PAS_CRD,Passengers carried,TOTAL,Total transport,TOT,Total,PL,Poland,2020-04,,16126,,,,,
dataflow,ESTAT:AVIA_PAOC(1.0),"Air passenger transport by type of schedule, transport coverage and country",M,Monthly,PAS,Passenger,PAS_CRD,Passengers carried,TOTAL,Total transport,TOT,Total,PL,Poland,2020-05,,10411,,,,,
dataflow,ESTAT:AVIA_PAOC(1.0),"Air passenger transport by type of schedule, transport coverage and country",M,Monthly,PAS,Passenger,PAS_CRD,Passengers carried,TOTAL,Total transport,TOT,Total,PL,Poland,2020-06,,85678,,,,,
dataflow,ESTAT:AVIA_PAOC(1.0),"Air passenger transport by type of schedule, transport coverage and country",M,Monthly,PAS,Passenger,PAS_CRD,Passengers carried,TOTAL,Total transport,TOT,Total,PL,Poland,2020-07,,1220108,,,,,
dataflow,ESTAT:AVIA_PAOC(1.0),"Air passenger transport by type of schedule, transport coverage and country",M,Monthly,PAS,Passenger,PAS_CRD,Passengers carried,TOTAL,Total transport,TOT,Total,PL,Poland,2020-08,,1857774,,,,,
dataflow,ESTAT:AVIA_PAOC(1.0),"Air passenger transport by type of schedule, transport coverage and country",M,Monthly,PAS,Passenger,PAS_CRD,Passengers carried,TOTAL,Total transport,TOT,Total,PL,Poland,2020-09,,1405173,,,,,
dataflow,ESTAT:AVIA_PAOC(1.0),"Air passenger transport by type of schedule, transport coverage and country",M,Monthly,PAS,Passenger,PAS_CRD,Passengers carried,TOTAL,Total transport,TOT,Total,PL,Poland,2020-10,,833508,,,,,
dataflow,ESTAT:AVIA_PAOC(1.0),"Air passenger transport by type of schedule, transport coverage and country",M,Monthly,PAS,Passenger,PAS_CRD,Passengers carried,TOTAL,Total transport,TOT,Total,PL,Poland,2020-11,,358535,,,,,
dataflow,ESTAT:AVIA_PAOC(1.0),"Air passenger transport by type of schedule, transport coverage and country",M,Monthly,PAS,Passenger,PAS_CRD,Passengers carried,TOTAL,Total transport,TOT,Total,PL,Poland,2020-12,,483087,,,,,
dataflow,ESTAT:AVIA_PAOC(1.0),"Air passenger transport by type of schedule, transport coverage and country",M,Monthly,PAS,Passenger,PAS_CRD,Passengers carried,TOTAL,Total transport,TOT,Total,PL,Poland,2021-01,,364041,,,,,
dataflow,ESTAT:AVIA_PAOC(1.0),"Air passenger transport by type of schedule, transport coverage and country",M,Monthly,PAS,Passenger,PAS_CRD,Passengers carried,TOTAL,Total transport,TOT,Total,PL,Poland,2021-02,,260715,,,,,
dataflow,ESTAT:AVIA_PAOC(1.0),"Air passenger transport by type of schedule, transport coverage and country",M,Monthly,PAS,Passenger,PAS_CRD,Passengers carried,TOTAL,Total transport,TOT,Total,PL,Poland,2021-03,,357849,,,,,
dataflow,ESTAT:AVIA_PAOC(1.0),"Air passenger transport by type of schedule, transport coverage and country",M,Monthly,PAS,Passenger,PAS_CRD,Passengers carried,TOTAL,Total transport,TOT,Total,PL,Poland,2021-04,,426751,,,,,
dataflow,ESTAT:AVIA_PAOC(1.0),"Air passenger transport by type of schedule, transport coverage and country",M,Monthly,PAS,Passenger,PAS_CRD,Passengers carried,TOTAL,Total transport,TOT,Total,PL,Poland,2021-05,,698218,,,,,
dataflow,ESTAT:AVIA_PAOC(1.0),"Air passenger transport by type of schedule, transport coverage and country",M,Monthly,PAS,Passenger,PAS_CRD,Passengers carried,TOTAL,Total transport,TOT,Total,PL,Poland,2021-06,,1538625,,,,,
dataflow,ESTAT:AVIA_PAOC(1.0),"Air passenger transport by type of schedule, transport coverage and country",M,Monthly,PAS,Passenger,PAS_CRD,Passengers carried,TOTAL,Total transport,TOT,Total,PL,Poland,2021-07,,2766149,,,,,
dataflow,ESTAT:AVIA_PAOC(1.0),"Air passenger transport by type of schedule, transport coverage and country",M,Monthly,PAS,Passenger,PAS_CRD,Passengers carried,TOTAL,Total transport,TOT,Total,PL,Poland,2021-08,,3201160,,,,,
dataflow,ESTAT:AVIA_PAOC(1.0),"Air passenger transport by type of schedule, transport coverage and country",M,Monthly,PAS,Passenger,PAS_CRD,Passengers carried,TOTAL,Total transport,TOT,Total,PL,Poland,2021-09,,2809590,,,,,
dataflow,ESTAT:AVIA_PAOC(1.0),"Air passenger transport by type of schedule, transport coverage and country",M,Monthly,PAS,Passenger,PAS_CRD,Passengers carried,TOTAL,Total transport,TOT,Total,PL,Poland,2021-10,,2450515,,,,,
dataflow,ESTAT:AVIA_PAOC(1.0),"Air passenger transport by type of schedule, transport coverage and country",M,Monthly,PAS,Passenger,PAS_CRD,Passengers carried,TOTAL,Total transport,TOT,Total,PL,Poland,2021-11,,2039135,,,,,
dataflow,ESTAT:AVIA_PAOC(1.0),"Air passenger transport by type of schedule, transport coverage and country",M,Monthly,PAS,Passenger,PAS_CRD,Passengers carried,TOTAL,Total transport,TOT,Total,PL,Poland,2021-12,,1981064,,,,,
dataflow,ESTAT:AVIA_PAOC(1.0),"Air passenger transport by type of schedule, transport coverage and country",M,Monthly,PAS,Passenger,PAS_CRD,Passengers carried,TOTAL,Total transport,TOT,Total,PL,Poland,2022-01,,1617296,,,,,
dataflow,ESTAT:AVIA_PAOC(1.0),"Air passenger transport by type of schedule, transport coverage and country",M,Monthly,PAS,Passenger,PAS_CRD,Passengers carried,TOTAL,Total transport,TOT,Total,PL,Poland,2022-02,,1709060,,,,,
dataflow,ESTAT:AVIA_PAOC(1.0),"Air passenger transport by type of schedule, transport coverage and country",M,Monthly,PAS,Passenger,PAS_CRD,Passengers carried,TOTAL,Total transport,TOT,Total,PL,Poland,2022-03,,2149673,,,,,
dataflow,ESTAT:AVIA_PAOC(1.0),"Air passenger transport by type of schedule, transport coverage and country",M,Monthly,PAS,Passenger,PAS_CRD,Passengers carried,TOTAL,Total transport,TOT,Total,PL,Poland,2022-04,,2766874,,,,,
dataflow,ESTAT:AVIA_PAOC(1.0),"Air passenger transport by type of schedule, transport coverage and country",M,Monthly,PAS,Passenger,PAS_CRD,Passengers carried,TOTAL,Total transport,TOT,Total,PL,Poland,2022-05,,3459703,,,,,
dataflow,ESTAT:AVIA_PAOC(1.0),"Air passenger transport by type of schedule, transport coverage and country",M,Monthly,PAS,Passenger,PAS_CRD,Passengers carried,TOTAL,Total transport,TOT,Total,PL,Poland,2022-06,,4240863,,,,,
dataflow,ESTAT:AVIA_PAOC(1.0),"Air passenger transport by type of schedule, transport coverage and country",M,Monthly,PAS,Passenger,PAS_CRD,Passengers carried,TOTAL,Total transport,TOT,Total,PL,Poland,2022-07,,4728567,,,,,
dataflow,ESTAT:AVIA_PAOC(1.0),"Air passenger transport by type of schedule, transport coverage and country",M,Monthly,PAS,Passenger,PAS_CRD,Passengers carried,TOTAL,Total transport,TOT,Total,PL,Poland,2022-08,,4688178,,,,,
dataflow,ESTAT:AVIA_PAOC(1.0),"Air passenger transport by type of schedule, transport coverage and country",M,Monthly,PAS,Passenger,PAS_CRD,Passengers carried,TOTAL,Total transport,TOT,Total,PL,Poland,2022-09,,4342364,,,,,
dataflow,ESTAT:AVIA_PAOC(1.0),"Air passenger transport by type of schedule, transport coverage and country",M,Monthly,PAS,Passenger,PAS_CRD,Passengers carried,TOTAL,Total transport,TOT,Total,PL,Poland,2022-10,,3805970,,,,,
dataflow,ESTAT:AVIA_PAOC(1.0),"Air passenger transport by type of schedule, transport coverage and country",M,Monthly,PAS,Passenger,PAS_CRD,Passengers carried,TOTAL,Total transport,TOT,Total,PL,Poland,2022-11,,2872173,,,,,
dataflow,ESTAT:AVIA_PAOC(1.0),"Air passenger transport by type of schedule, transport coverage and country",M,Monthly,PAS,Passenger,PAS_CRD,Passengers carried,TOTAL,Total transport,TOT,Total,PL,Poland,2022-12,,2966975,,,,,
dataflow,ESTAT:AVIA_PAOC(1.0),"Air passenger transport by type of schedule, transport coverage and country",M,Monthly,PAS,Passenger,PAS_CRD,Passengers carried,TOTAL,Total transport,TOT,Total,PL,Poland,2023-01,,2942961,,,,,
dataflow,ESTAT:AVIA_PAOC(1.0),"Air passenger transport by type of schedule, transport coverage and country",M,Monthly,PAS,Passenger,PAS_CRD,Passengers carried,TOTAL,Total transport,TOT,Total,PL,Poland,2023-02,,2829082,,,,,
dataflow,ESTAT:AVIA_PAOC(1.0),"Air passenger transport by type of schedule, transport coverage and country",M,Monthly,PAS,Passenger,PAS_CRD,Passengers carried,TOTAL,Total transport,TOT,Total,PL,Poland,2023-03,,3238644,,,,,
dataflow,ESTAT:AVIA_PAOC(1.0),"Air passenger transport by type of schedule, transport coverage and country",M,Monthly,PAS,Passenger,PAS_CRD,Passengers carried,TOTAL,Total transport,TOT,Total,PL,Poland,2023-04,,3789798,,,,,
dataflow,ESTAT:AVIA_PAOC(1.0),"Air passenger transport by type of schedule, transport coverage and country",M,Monthly,PAS,Passenger,PAS_CRD,Passengers carried,TOTAL,Total transport,TOT,Total,PL,Poland,2023-05,,4382712,,,,,
dataflow,ESTAT:AVIA_PAOC(1.0),"Air passenger transport by type of schedule, transport coverage and country",M,Monthly,PAS,Passenger,PAS_CRD,Passengers carried,TOTAL,Total transport,TOT,Total,PL,Poland,2023-06,,5088637,,,,,
dataflow,ESTAT:AVIA_PAOC(1.0),"Air passenger transport by type of schedule, transport coverage and country",M,Monthly,PAS,Passenger,PAS_CRD,Passengers carried,TOTAL,Total transport,TOT,Total,PL,Poland,2023-07,,5548489,,,,,
dataflow,ESTAT:AVIA_PAOC(1.0),"Air passenger transport by type of schedule, transport coverage and country",M,Monthly,PAS,Passenger,PAS_CRD,Passengers carried,TOTAL,Total transport,TOT,Total,PL,Poland,2023-08,,5556462,,,,,
dataflow,ESTAT:AVIA_PAOC(1.0),"Air passenger transport by type of schedule, transport coverage and country",M,Monthly,PAS,Passenger,PAS_CRD,Passengers carried,TOTAL,Total transport,TOT,Total,PL,Poland,2023-09,,5226599,,,,,
dataflow,ESTAT:AVIA_PAOC(1.0),"Air passenger transport by type of schedule, transport coverage and country",M,Monthly,PAS,Passenger,PAS_CRD,Passengers carried,TOTAL,Total transport,TOT,Total,PL,Poland,2023-10,,4550091,,,,,
dataflow,ESTAT:AVIA_PAOC(1.0),"Air passenger transport by type of schedule, transport coverage and country",M,Monthly,PAS,Passenger,PAS_CRD,Passengers carried,TOTAL,Total transport,TOT,Total,PL,Poland,2023-11,,3462925,,,,,
dataflow,ESTAT:AVIA_PAOC(1.0),"Air passenger transport by type of schedule, transport coverage and country",M,Monthly,PAS,Passenger,PAS_CRD,Passengers carried,TOTAL,Total transport,TOT,Total,PL,Poland,2023-12,,3552210,,,,,
dataflow,ESTAT:AVIA_PAOC(1.0),"Air passenger transport by type of schedule, transport coverage and country",M,Monthly,PAS,Passenger,PAS_CRD,Passengers carried,TOTAL,Total transport,TOT,Total,PL,Poland,2024-01,,3408368,,,,,
dataflow,ESTAT:AVIA_PAOC(1.0),"Air passenger transport by type of schedule, transport coverage and country",M,Monthly,PAS,Passenger,PAS_CRD,Passengers carried,TOTAL,Total transport,TOT,Total,PL,Poland,2024-02,,3375400,,,,,
dataflow,ESTAT:AVIA_PAOC(1.0),"Air passenger transport by type of schedule, transport coverage and country",M,Monthly,PAS,Passenger,PAS_CRD,Passengers carried,TOTAL,Total transport,TOT,Total,PL,Poland,2024-03,,3774090,,,,,
dataflow,ESTAT:AVIA_PAOC(1.0),"Air passenger transport by type of schedule, transport coverage and country",M,Monthly,PAS,Passenger,PAS_CRD,Passengers carried,TOTAL,Total transport,TOT,Total,PL,Poland,2024-04,,4232288,,,,,
dataflow,ESTAT:AVIA_PAOC(1.0),"Air passenger transport by type of schedule, transport coverage and country",M,Monthly,PAS,Passenger,PAS_CRD,Passengers carried,TOTAL,Total transport,TOT,Total,PL,Poland,2024-05,,5123821,,,,,
dataflow,ESTAT:AVIA_PAOC(1.0),"Air passenger transport by type of schedule, transport coverage and country",M,Monthly,PAS,Passenger,PAS_CRD,Passengers carried,TOTAL,Total transport,TOT,Total,PL,Poland,2024-06,,5709172,,,,,
dataflow,ESTAT:AVIA_PAOC(1.0),"Air passenger transport by type of schedule, transport coverage and country",M,Monthly,PAS,Passenger,PAS_CRD,Passengers carried,TOTAL,Total transport,TOT,Total,PL,Poland,2024-07,,6229606,,,,,
dataflow,ESTAT:AVIA_PAOC(1.0),"Air passenger transport by type of schedule, transport coverage and country",M,Monthly,PAS,Passenger,PAS_CRD,Passengers carried,TOTAL,Total transport,TOT,Total,PL,Poland,2024-08,,6314848,,,,,
dataflow,ESTAT:AVIA_PAOC(1.0),"Air passenger transport by type of schedule, transport coverage and country",M,Monthly,PAS,Passenger,PAS_CRD,Passengers carried,TOTAL,Total transport,TOT,Total,PL,Poland,2024-09,,5887998,,,,,
dataflow,ESTAT:AVIA_PAOC(1.0),"Air passenger transport by type of schedule, transport coverage and country",M,Monthly,PAS,Passenger,PAS_CRD,Passengers carried,TOTAL,Total transport,TOT,Total,PL,Poland,2024-10,,5142843,,,,,
dataflow,ESTAT:AVIA_PAOC(1.0),"Air passenger transport by type of schedule, transport coverage and country",M,Monthly,PAS,Passenger,PAS_CRD,Passengers carried,TOTAL,Total transport,TOT,Total,PL,Poland,2024-11,,3891805,,,,,
dataflow,ESTAT:AVIA_PAOC(1.0),"Air passenger transport by type of schedule, transport coverage and country",M,Monthly,PAS,Passenger,PAS_CRD,Passengers carried,TOTAL,Total transport,TOT,Total,PL,Poland,2024-12,,3955279,,,,,
dataflow,ESTAT:AVIA_PAOC(1.0),"Air passenger transport by type of schedule, transport coverage and country",M,Monthly,PAS,Passenger,PAS_CRD,Passengers carried,TOTAL,Total transport,TOT,Total,PL,Poland,2025-01,,3736241,,,,,
dataflow,ESTAT:AVIA_PAOC(1.0),"Air passenger transport by type of schedule, transport coverage and country",M,Monthly,PAS,Passenger,PAS_CRD,Passengers carried,TOTAL,Total transport,TOT,Total,PL,Poland,2025-02,,3830699,,,,,
dataflow,ESTAT:AVIA_PAOC(1.0),"Air passenger transport by type of schedule, transport coverage and country",M,Monthly,PAS,Passenger,PAS_CRD,Passengers carried,TOTAL,Total transport,TOT,Total,PL,Poland,2025-03,,4266585,,,,,
dataflow,ESTAT:AVIA_PAOC(1.0),"Air passenger transport by type of schedule, transport coverage and country",M,Monthly,PAS,Passenger,PAS_CRD,Passengers carried,TOTAL,Total transport,TOT,Total,PL,Poland,2025-04,,4869280,,,,,
dataflow,ESTAT:AVIA_PAOC(1.0),"Air passenger transport by type of schedule, transport coverage and country",M,Monthly,PAS,Passenger,PAS_CRD,Passengers carried,TOTAL,Total transport,TOT,Total,PL,Poland,2025-05,,5714583,,,,,
dataflow,ESTAT:AVIA_PAOC(1.0),"Air passenger transport by type of schedule, transport coverage and country",M,Monthly,PAS,Passenger,PAS_CRD,Passengers carried,TOTAL,Total transport,TOT,Total,PL,Poland,2025-06,,6321728,,,,,
dataflow,ESTAT:AVIA_PAOC(1.0),"Air passenger transport by type of schedule, transport coverage and country",M,Monthly,PAS,Passenger,PAS_CRD,Passengers carried,TOTAL,Total transport,TOT,Total,PL,Poland,2025-07,,6800049,,,,,
dataflow,ESTAT:AVIA_PAOC(1.0),"Air passenger transport by type of schedule, transport coverage and country",M,Monthly,PAS,Passenger,PAS_CRD,Passengers carried,TOTAL,Total transport,TOT,Total,PL,Poland,2025-08,,7134742,,,,,
